id,dt,ct,status,name,orgId,groupType,color
444,2022-05-04 18:55:22,2022-05-04 18:55:22,active,World Languages,1000163,coachinggroup,#87CEEB
443,2022-05-04 18:54:47,2022-05-04 18:54:47,active,SPED,1000163,coachinggroup,#87CEEB
442,2022-05-04 18:53:24,2022-05-04 18:53:24,active,Social Studies,1000163,coachinggroup,#87CEEB
441,2022-05-04 18:51:49,2022-05-04 18:51:49,active,Science,1000163,coachinggroup,#87CEEB
440,2022-05-04 18:49:14,2022-05-04 18:49:14,active,Math,1000163,coachinggroup,#87CEEB
439,2022-05-04 18:48:10,2022-05-04 18:48:10,active,Health & PE,1000163,coachinggroup,#87CEEB
438,2022-05-04 18:47:13,2022-05-04 18:47:13,active,ELA,1000163,coachinggroup,#87CEEB
437,2022-05-04 18:45:36,2022-05-04 18:45:36,active,CTE,1000163,coachinggroup,#87CEEB
436,2022-05-04 18:44:30,2022-05-04 18:44:30,active,Fine Arts,1000163,coachinggroup,#87CEEB
435,2022-05-04 18:41:20,2022-05-04 18:41:20,active,End,1000163,coachinggroup,#87CEEB
434,2022-05-04 18:34:30,2022-05-04 18:34:30,active,Middle,1000163,coachinggroup,#87CEEB
433,2022-05-04 18:29:08,2022-05-04 18:29:08,active,Beginning,1000163,coachinggroup,#87CEEB
432,2022-05-03 12:12:01,2022-05-03 12:12:01,active,Specials,1000167,coachinggroup,#6495EE
431,2022-05-03 12:11:11,2022-05-03 12:11:11,active,5th Grade,1000167,coachinggroup,#F08080
430,2022-05-03 12:10:44,2022-05-03 12:10:44,active,4th Grade,1000167,coachinggroup,#F0E68C
429,2022-05-03 12:10:22,2022-05-03 12:10:22,active,3rd Grade,1000167,coachinggroup,#8FBC8B
428,2022-05-03 12:09:51,2022-05-03 12:09:51,active,2nd Grade,1000167,coachinggroup,#DDA0DD
427,2022-05-03 12:09:22,2022-05-03 12:09:22,active,1st Grade,1000167,coachinggroup,#FEA07A
426,2022-05-03 12:08:52,2022-05-03 12:08:52,active,Kindergarten,1000167,coachinggroup,#87CEEB
425,2022-05-03 12:03:41,2022-05-03 12:03:41,active,"Devyn's Team",1000128,coachinggroup,#F0E68C
424,2022-05-03 12:02:59,2022-05-03 12:02:59,active,"Todd's Team",1000128,coachinggroup,#87CEEB
423,2022-04-27 09:41:06,2022-04-27 09:41:06,active,Elementary,1000055,coachinggroup,#87CEEB
422,2022-04-27 09:40:18,2022-04-27 09:40:18,active,MS,1000055,coachinggroup,#F0E68C
421,2022-04-27 09:39:50,2022-04-27 09:39:50,active,High School,1000055,coachinggroup,#87CEEB
420,2022-04-26 12:27:39,2022-04-26 12:27:39,active,Warwick ,1000064,coachinggroup,#8FBC8B
419,2022-04-13 10:00:31,2022-04-13 10:00:31,active,Grade 8,1000161,coachinggroup,#87CEEB
418,2022-04-13 09:59:47,2022-04-13 09:59:47,active,Grade 7,1000161,coachinggroup,#87CEEB
417,2022-04-13 09:58:53,2022-04-13 09:58:53,active,Grade 6,1000161,coachinggroup,#87CEEB
416,2022-04-13 06:33:40,2022-04-13 06:33:40,active,Social Studies,1000161,coachinggroup,#8FBC8B
415,2022-04-13 06:33:12,2022-04-13 06:33:12,active,Science,1000161,coachinggroup,#D2B48C
414,2022-04-13 06:32:34,2022-04-13 06:32:34,active,Related Studies,1000161,coachinggroup,#6495EE
413,2022-04-13 06:31:52,2022-04-13 06:31:52,active,Math,1000161,coachinggroup,#F0E68C
412,2022-04-13 06:30:46,2022-04-13 06:30:46,active,ELA,1000161,coachinggroup,#FEA07A
411,2022-04-13 06:30:09,2022-04-13 06:30:09,active,EE/EL,1000161,coachinggroup,#87CEEB
410,2022-05-04 18:23:50,2022-04-05 14:31:19,delete,test4,1000163,coachinggroup,#87CEEB
409,2022-05-04 18:23:53,2022-04-05 14:07:55,delete,test coaching,1000163,coachinggroup,#87CEEB
408,2022-05-04 18:23:57,2022-03-31 12:37:28,delete,test2,1000163,coachinggroup,#87CEEB
407,2022-05-04 18:24:00,2022-03-30 15:14:24,delete,Test,1000163,coachinggroup,#87CEEB
406,2022-04-27 06:24:47,2022-03-28 10:46:53,active,9 - 12,1000064,coachinggroup,#DDA0DD
405,2022-04-27 06:24:51,2022-03-28 10:46:09,active,5 - 8 ,1000064,coachinggroup,#FEA07A
404,2022-04-27 06:24:56,2022-03-28 10:45:24,active,Pre-K - 4,1000064,coachinggroup,#87CEEB
403,2022-03-28 10:42:28,2022-03-18 16:00:16,delete,Test,1000064,coachinggroup,#87CEEB
402,2022-03-18 15:59:33,2022-03-18 10:38:25,delete,Elementray,1000064,coachinggroup,#87CEEB
401,2022-02-26 11:50:05,2022-02-26 11:50:05,active,LCLA,1000117,coachinggroup,#87CEEB
400,2021-09-21 09:12:37,2021-09-21 09:12:37,active,4th Grade,1000086,plcgroup,#87CEEB
399,2021-09-21 09:11:49,2021-09-21 09:11:49,active,"Ranieri's team",1000086,plcgroup,#87CEEB
398,2021-09-21 09:06:47,2021-09-21 09:06:47,active,3rd grade,1000086,plcgroup,#87CEEB
397,2021-09-21 09:05:25,2021-09-21 09:05:25,active,2nd grade,1000086,plcgroup,#87CEEB
396,2021-09-21 09:04:29,2021-09-21 09:04:29,active,1st Grade,1000086,plcgroup,#87CEEB
395,2021-09-09 14:43:09,2021-09-09 14:43:09,active,Kindergarten CTT,1000086,plcgroup,#87CEEB
394,2021-09-01 13:12:27,2021-09-01 13:12:27,active,Middle School - Quick Sort 2,1000083,plcgroup,#87CEEB
393,2021-09-01 13:11:40,2021-09-01 13:11:25,active,Middle School - Quick Sort 1,1000083,plcgroup,#87CEEB
392,2021-08-23 12:06:55,2021-08-23 12:06:55,active,MS Tech/PE,1000087,plcgroup,#87CEEB
391,2021-08-12 09:34:30,2021-08-12 09:34:30,active,testing,1000041,plcgroup,#87CEEB
390,2021-08-08 03:17:51,2021-08-08 03:17:51,active,Mill Creek Upper Grades PLC,1000016,plcgroup,#DDA0DD
389,2021-08-08 03:17:22,2021-08-08 03:17:22,active,Mill Creek Mid Grades PLC,1000016,plcgroup,#FEA07A
388,2021-08-08 03:16:45,2021-08-08 03:16:45,active,Mill Creek Early Grade PLC,1000016,plcgroup,#87CEEB
387,2020-12-07 12:53:58,2020-12-07 12:46:16,active,3rd grade,1000050,undefined,#D2B48C
386,2020-12-07 12:54:09,2020-12-07 12:45:32,active,1st grade,1000050,undefined,#87CEEB
385,2020-09-10 20:39:49,2020-09-10 20:39:36,delete,3rd Grade Team,1000085,plcgroup,#F0E68C
384,2020-09-09 15:51:50,2020-09-09 15:51:50,active,"MS History, Arts, Health",1000086,plcgroup,#FEA07A
383,2020-08-28 12:00:32,2020-08-28 12:00:32,active,7/8 Core Team,1000085,plcgroup,#87CEEB
382,2020-08-28 09:34:08,2020-08-28 09:34:08,active,HQW Crew,1000084,plcgroup,#87CEEB
381,2020-08-25 09:22:07,2020-08-25 09:22:07,active,Kindergarten,1000087,plcgroup,#87CEEB
380,2020-08-25 09:20:26,2020-08-25 09:20:26,active,SPED,1000087,plcgroup,#F08080
379,2020-08-21 16:00:12,2020-08-21 16:00:12,active,4th Grade Monticello ,1000085,plcgroup,#8FBC8B
378,2020-08-18 14:48:23,2020-08-18 14:48:23,active,School Leadership Team,1000128,plcgroup,#6495EE
377,2020-08-17 12:30:28,2020-08-17 12:30:28,active,School Improvement Team,1000133,plcgroup,#8FBC8B
376,2020-08-17 12:20:27,2020-08-17 12:20:27,active,School Leadership Team,1000130,plcgroup,#87CEEB
375,2020-08-13 11:07:51,2020-08-13 11:07:51,active,7/8 Team,1000085,plcgroup,#F0E68C
374,2020-08-12 16:25:55,2020-08-12 16:25:55,active,5/6 Grade core teachers,1000085,plcgroup,#6495EE
373,2020-08-12 16:22:09,2020-08-12 16:14:52,active,5/6 Grade Full Team,1000085,plcgroup,#6495EE
372,2020-08-12 07:54:18,2020-08-12 07:54:18,active,Contractors - less frequent,1000070,plcgroup,#FEDAB9
371,2020-08-12 07:52:57,2020-08-12 07:48:34,active,Contractors - more frequent,1000070,plcgroup,#6495EE
370,2020-08-12 07:46:40,2020-08-12 07:46:40,active,Contractors - all,1000070,plcgroup,#87CEEB
369,2020-08-12 07:11:51,2020-08-12 07:11:51,active,Dillard,1000117,plcgroup,#B0C4DE
368,2020-08-12 07:10:56,2020-08-12 07:10:56,active,PRBLA,1000117,plcgroup,#D2B48C
367,2020-08-12 07:10:03,2020-08-12 07:10:03,active,OGs,1000117,plcgroup,#8FBC8B
366,2020-08-12 07:04:58,2020-08-12 07:04:58,active,Eddies,1000070,plcgroup,#F08080
365,2020-07-17 09:44:29,2020-07-17 09:44:29,active,North Dakota,1000070,plcgroup,#D2B48C
364,2020-08-18 10:18:23,2020-07-17 09:44:09,active,Illinois,1000070,plcgroup,#FEA07A
363,2020-07-17 09:43:41,2020-07-17 09:43:41,active,North Carolina,1000070,plcgroup,#F0E68C
362,2020-03-03 07:15:29,2020-03-03 07:15:29,active,Coach,1000013,plcgroup,#8FBC8B
361,2020-02-24 22:52:45,2020-02-24 22:52:45,active,PBIS,1000005,plcgroup,#87CEEB
360,2020-08-31 14:29:53,2020-02-20 11:34:17,active,10th Grade CTT,1000092,plcgroup,#8FBC8B
359,2020-02-20 16:42:44,2020-02-20 10:06:59,delete,"Lovejoy's CTT",1000092,plcgroup,#8FBC8B
358,2020-02-12 09:06:07,2020-02-12 09:06:07,active,Secondary Teachers,1000042,coachinggroup,#F0E68C
357,2020-02-10 13:01:31,2020-02-10 13:01:31,active,Elementary Teachers,1000019,coachinggroup,#8FBC8B
356,2020-02-07 12:04:48,2020-02-07 12:04:48,active,High School Teachers,1000019,coachinggroup,#8FBC8B
355,2020-02-06 17:51:42,2020-02-06 17:51:42,active,Elementary Teachers,1000042,coachinggroup,#DDA0DD
354,2020-08-31 14:27:16,2020-02-04 13:32:59,active,9th Grade CTT,1000092,plcgroup,#6495EE
353,2020-02-20 16:41:25,2020-02-04 13:32:44,delete,Lovejoy,1000092,plcgroup,#FEA07A
352,2020-08-31 14:28:09,2020-02-04 13:32:22,active,12th Grade CTT,1000092,plcgroup,#D2B48C
351,2021-07-14 13:55:41,2020-02-04 13:31:59,active,11th Grade CTT,1000092,plcgroup,#B0C4DE
350,2022-01-31 14:15:01,2020-02-04 13:31:11,active,8th Grade CTT,1000092,plcgroup,#8FBC8B
349,2021-08-02 14:26:41,2020-01-13 14:15:49,active,7th Grade CTT,1000092,plcgroup,#F08080
348,2020-01-10 13:38:05,2020-01-10 13:38:05,active,MS Meeting,1000084,plcgroup,#87CEEB
347,2020-09-21 09:31:56,2019-12-13 15:06:45,delete,CTT - Science,1000086,plcgroup,#6495EE
346,2019-12-13 15:06:22,2019-12-13 15:06:22,active,5th Grade Team,1000086,plcgroup,#DDA0DD
345,2019-12-13 05:13:53,2019-12-13 05:13:53,active,Special Education,1000097,coachinggroup,#D2B48C
344,2019-12-13 05:12:25,2019-12-13 05:12:25,active,School Leadership Team,1000097,coachinggroup,#FEDAB9
343,2019-12-13 05:11:41,2019-12-13 05:11:41,active,6th Grade,1000097,coachinggroup,#B0C4DE
342,2019-12-13 05:11:02,2019-12-13 05:11:02,active,5th Grade,1000097,coachinggroup,#DDA0DD
341,2019-12-13 05:09:59,2019-12-13 05:09:59,active,4th Grade,1000097,coachinggroup,#87CEEB
340,2019-12-13 05:08:33,2019-12-13 05:08:33,active,3rd Grade,1000097,coachinggroup,#8FBC8B
339,2019-12-13 05:06:38,2019-12-13 05:06:38,active,2nd Grade,1000097,coachinggroup,#F0E68C
338,2019-12-13 05:06:14,2019-12-13 05:06:14,active,1st Grade,1000097,coachinggroup,#FEA07A
337,2019-12-13 05:05:42,2019-12-13 05:05:42,active,Kindergarten,1000097,coachinggroup,#F08080
336,2019-12-11 19:29:22,2019-12-11 19:29:22,active,PLC 11-12,1000042,plcgroup,#F08080
335,2020-03-26 08:50:36,2019-12-03 18:44:56,active,Pinckneyville High,1000113,coachinggroup,#DDA0DD
334,2019-12-03 18:41:30,2019-12-03 18:41:30,active,Pinckneyville Elementary,1000081,coachinggroup,#87CEEB
333,2019-11-22 13:59:36,2019-11-22 13:59:36,active,Fine arts,1000035,plcgroup,#87CEEB
332,2020-09-21 09:27:56,2019-11-15 14:27:52,delete,Misfits,1000086,plcgroup,#FEDAB9
331,2019-11-08 10:35:04,2019-11-08 10:35:04,active,6th grade,1000046,plcgroup,#DDA0DD
330,2019-11-08 10:34:16,2019-11-08 10:34:16,active,8th Grade Team ,1000046,plcgroup,#F0E68C
329,2019-11-08 10:33:21,2019-11-08 10:33:21,active,7th Grade Team,1000046,plcgroup,#B0C4DE
328,2019-10-28 19:47:36,2019-10-28 19:47:36,active,Arthur A. Richards K-8,1000096,coachinggroup,#B0C4DE
327,2019-10-28 19:46:57,2019-10-28 19:46:57,active,John H. Woodson JH,1000096,coachinggroup,#6495EE
326,2019-10-28 19:48:08,2019-10-28 19:46:32,active,Claude O. Markoe ES,1000096,coachinggroup,#FEDAB9
325,2019-10-28 19:45:06,2019-10-28 19:45:06,active,Eulalie Rivera K-8,1000096,coachinggroup,#F08080
324,2019-10-28 19:44:39,2019-10-28 19:44:39,active,Alfredo Andrews ES,1000096,coachinggroup,#F0E68C
323,2019-10-28 19:44:10,2019-10-28 19:44:10,active,Ricardo Richards ES,1000096,coachinggroup,#8FBC8B
322,2019-10-28 19:43:49,2019-10-28 19:43:49,active,Lew Muckle ES,1000096,coachinggroup,#DDA0DD
321,2019-10-28 19:43:30,2019-10-28 19:43:30,active,Juanita Gardine K-8,1000096,coachinggroup,#FEA07A
320,2019-10-28 19:45:38,2019-10-28 19:43:01,active,Pearl B. Larsen K-8,1000096,coachinggroup,#87CEEB
319,2019-10-28 15:19:10,2019-10-28 15:19:10,active,9-10 PLC,1000042,plcgroup,#DDA0DD
318,2020-01-30 17:55:22,2019-10-22 16:18:36,delete,test team 1,1000070,plcgroup,#87CEEB
317,2019-10-22 13:08:35,2019-10-22 13:08:35,active,test team 2,1000070,coachinggroup,#DDA0DD
316,2019-10-22 13:07:52,2019-10-22 13:07:52,active,test team 1,1000070,coachinggroup,#87CEEB
315,2019-12-03 17:25:30,2019-10-21 14:03:37,delete,Test,1000042,plcgroup,#87CEEB
314,2019-12-03 17:26:12,2019-10-21 14:02:14,delete,Test,1000042,coachinggroup,#87CEEB
313,2020-01-30 17:55:16,2019-10-21 14:00:42,delete,go vols,1000070,plcgroup,#FEA07A
312,2020-01-30 17:55:27,2019-10-21 13:58:06,delete,Go Vols,1000070,plcgroup,#FEA07A
311,2019-10-07 16:14:27,2019-10-07 16:14:27,active,CTE,1000035,plcgroup,#F0E68C
310,2019-10-07 16:13:23,2019-10-07 16:13:23,active,CTE,1000035,coachinggroup,#F0E68C
309,2019-10-07 09:32:09,2019-10-07 09:32:09,active,Fifth grade,1000050,plcgroup,#FEA07A
308,2020-12-07 12:53:32,2019-10-07 09:31:16,active,Fourth Grade,1000050,undefined,#DDA0DD
307,2020-12-07 12:29:54,2019-10-07 09:30:36,active,Third grade,1000050,undefined,#B0C4DE
306,2019-10-07 09:29:17,2019-10-07 09:29:17,active,Second grade,1000050,plcgroup,#F0E68C
305,2020-12-07 12:28:55,2019-10-07 09:28:19,active,First grade,1000050,undefined,#87CEEB
304,2019-10-06 14:27:39,2019-10-06 14:24:05,active,Elementary-CTT SpEd,1000090,plcgroup,#F0E68C
303,2020-10-05 08:07:06,2019-09-27 10:47:37,active,Middle School Team,1000087,undefined,#DDA0DD
302,2019-09-27 09:55:19,2019-09-27 09:55:19,active,Lighthouse Team,1000086,plcgroup,#8FBC8B
301,2019-09-26 10:41:51,2019-09-26 10:41:51,active,Sped Team,1000084,plcgroup,#F0E68C
300,2020-12-07 12:53:12,2019-09-23 09:47:14,active,Kindergarten,1000050,undefined,#DDA0DD
299,2019-09-20 13:32:57,2019-09-20 13:32:57,active,Elementary Staff,1000042,plcgroup,#F0E68C
298,2022-01-06 21:47:22,2019-09-16 10:20:56,active,Elementary 3-5,1000086,plcgroup,#8FBC8B
297,2019-09-16 10:18:05,2019-09-16 10:18:05,active,Elementary K-2,1000086,plcgroup,#DDA0DD
296,2020-09-21 09:34:40,2019-09-16 10:17:13,delete,Middle School Team,1000086,plcgroup,#87CEEB
295,2019-09-11 10:50:54,2019-09-11 10:50:54,active,Leadership Team,1000013,plcgroup,#87CEEB
294,2019-09-10 16:11:17,2019-09-10 16:11:17,active,School Leadership Team,1000042,plcgroup,#87CEEB
293,2019-09-09 08:56:22,2019-09-09 08:54:51,delete,Team EdD,1000070,plcgroup,#8FBC8B
292,2019-09-02 18:47:55,2019-09-02 18:47:55,active,Middle School,1000083,plcgroup,#6495EE
291,2019-09-02 18:46:23,2019-09-02 18:46:23,active,5th Grade,1000083,plcgroup,#FEDAB9
290,2019-09-02 18:46:03,2019-09-02 18:46:03,active,4th Grade,1000083,plcgroup,#F08080
289,2019-09-02 18:45:37,2019-09-02 18:45:37,active,3rd Grade,1000083,plcgroup,#F0E68C
288,2021-09-01 13:09:46,2019-09-02 18:45:14,delete,Upper Elementary,1000083,plcgroup,#8FBC8B
287,2019-09-13 09:03:07,2019-09-02 18:44:20,active,2nd Grade,1000083,plcgroup,#8FBC8B
286,2019-09-02 18:43:50,2019-09-02 18:43:50,active,1st Grade,1000083,plcgroup,#FEA07A
285,2019-08-31 07:17:21,2019-08-31 07:17:21,active,Instructional Coaches,1000005,plcgroup,#8FBC8B
284,2019-08-30 12:30:08,2019-08-30 12:30:08,active,MTSS,1000091,plcgroup,#29be86
283,2019-08-28 13:32:14,2019-08-28 13:32:14,active,K-5,1000061,plcgroup,#0b3345
282,2019-08-28 10:58:53,2019-08-28 10:58:53,active,PLC K-2,1000038,plcgroup,#189cd7
281,2019-08-28 09:47:24,2019-08-28 09:47:24,active,Tier 2 Character Crew,1000084,plcgroup,#34cf28
280,2021-08-23 12:01:03,2019-08-27 15:04:03,active,MS Arts,1000087,plcgroup,#fdf913
279,2020-08-25 09:25:24,2019-08-27 15:03:13,delete,MS Arts,1000087,plcgroup,#6f8fe9
278,2021-08-23 12:01:48,2019-08-27 15:02:23,active,MS ELA/Social Studies,1000087,plcgroup,#25eee7
277,2019-08-30 13:17:52,2019-08-27 15:00:51,active,MS Math/SCI,1000087,plcgroup,#54e465
276,2019-08-30 13:22:00,2019-08-27 14:59:49,active,5th Grade,1000087,plcgroup,#d082e9
275,2019-08-30 13:22:12,2019-08-27 14:58:55,active,4th Grade,1000087,plcgroup,#f38cda
274,2019-08-30 13:22:28,2019-08-27 14:58:04,active,3rd Grade,1000087,plcgroup,#fb4879
273,2019-08-30 13:22:44,2019-08-27 14:57:15,active,2nd Grade,1000087,plcgroup,#2de4c7
272,2019-08-28 11:56:17,2019-08-27 14:55:50,active,1st Grade,1000087,plcgroup,#c428ae
271,2019-08-26 09:44:16,2019-08-26 09:43:44,delete,A Team ,1000087,plcgroup,#0b3345
270,2019-08-23 14:44:07,2019-08-23 14:44:07,active,8th Grade Team 2 - All,1000035,plcgroup,#e89029
269,2019-08-23 14:43:44,2019-08-23 14:42:41,active,8th Grade Team 1 - All,1000035,plcgroup,#5fad30
268,2019-08-23 14:41:08,2019-08-23 14:41:08,active,7th Grade Team 2 - All,1000035,plcgroup,#c12ad9
267,2019-08-23 14:40:52,2019-08-23 14:35:50,active,7th Grade Team 1 - All,1000035,plcgroup,#1f9dd6
266,2019-08-23 14:51:09,2019-08-23 14:24:05,delete,7th Grade 2 - Encore,1000035,plcgroup,#0b3345
265,2019-08-23 13:12:19,2019-08-23 13:12:19,active,Team Fitness,1000035,plcgroup,#1fe6e6
264,2019-08-23 11:16:09,2019-08-23 11:16:09,active,Science - 8th Grade,1000035,plcgroup,#754094
263,2019-08-23 11:15:27,2019-08-23 11:15:27,active,Social Studies - 8th Grade,1000035,plcgroup,#d625c4
262,2019-08-23 11:14:05,2019-08-23 11:14:05,active,Math - 8th Grade,1000035,plcgroup,#a6a7b0
261,2019-08-23 11:13:30,2019-08-23 11:13:30,active,ELA - 8th Grade,1000035,plcgroup,#2493c4
260,2019-08-23 11:12:41,2019-08-23 11:12:41,active,Science - 7th Grade,1000035,plcgroup,#5e66b3
259,2019-08-23 11:12:07,2019-08-23 11:12:07,active,Math - 7th Grade,1000035,plcgroup,#2725a3
258,2019-08-23 11:11:27,2019-08-23 11:11:27,active,ELA - 7th Grade,1000035,plcgroup,#0b3345
257,2019-08-23 11:10:37,2019-08-23 11:10:37,active,Social Studies Department Team,1000035,plcgroup,#0b5c87
256,2019-08-23 11:07:18,2019-08-23 11:07:18,active,ELA Department Team,1000035,plcgroup,#6cd691
255,2019-08-23 11:06:42,2019-08-23 11:06:42,active,Science Department Team,1000035,plcgroup,#eb5f7e
254,2019-08-23 11:05:37,2019-08-23 11:05:37,active,Math Department Team,1000035,plcgroup,#586cd9
253,2019-08-23 14:51:48,2019-08-23 11:04:30,delete,8th Grade Team 2 - Encore,1000035,plcgroup,#e8a422
252,2019-08-23 14:51:22,2019-08-23 11:03:34,delete,7th Grade Team 1 - Encore,1000035,plcgroup,#31bae6
251,2019-08-23 14:51:38,2019-08-23 11:02:34,delete,8th Grade Team 1 - Encore,1000035,plcgroup,#a632c4
250,2019-08-23 14:23:22,2019-08-23 11:00:56,delete,7th Grade Team 1 - Encore,1000035,plcgroup,#27d1d1
249,2019-08-23 14:51:44,2019-08-23 10:59:51,delete,8th Grade Team 2 - Core,1000035,plcgroup,#e8b91b
248,2019-08-23 14:51:27,2019-08-23 10:58:50,delete,7th Grade Team 2 - Core,1000035,plcgroup,#2dbd2a
247,2019-08-23 14:51:34,2019-08-23 10:57:55,delete,8th Grade Team 1 - Core,1000035,plcgroup,#3250f5
246,2019-08-23 14:51:18,2019-08-23 10:56:30,delete,7th Grade Team 1 - Core,1000035,plcgroup,#e83a22
245,2019-08-20 11:32:23,2019-08-20 11:32:23,active,Elementary Mentor CTT,1000090,plcgroup,#f5cc39
244,2019-09-06 09:37:37,2019-08-20 11:28:17,active,Secondary Mentor CTT,1000090,plcgroup,#6495EE
243,2019-09-06 09:43:04,2019-08-20 10:36:28,delete,Elementary 3-5 Pod CTT,1000090,plcgroup,#f5cc39
242,2020-09-04 12:43:08,2019-08-20 10:25:44,active,Elementary 4-6 Pod CTT,1000090,plcgroup,#f5cc39
241,2019-10-09 12:43:30,2019-08-20 10:24:21,active,Elementary K-3 Pod CTT,1000090,plcgroup,#f5cc39
240,2019-09-06 09:37:20,2019-08-20 10:23:53,active,Secondary-CTT Science,1000090,plcgroup,#6495EE
239,2019-08-20 10:22:28,2019-08-20 10:22:28,active,Elementary 5th CTT,1000090,plcgroup,#f5cc39
238,2020-09-11 10:33:02,2019-08-20 10:20:21,active,Elementary 4th CTT,1000090,undefined,#f5cc39
237,2019-08-20 10:21:18,2019-08-20 10:18:22,active,Elementary 3rd CTT,1000090,plcgroup,#f5cc39
236,2019-09-06 09:37:53,2019-08-20 10:17:50,active,Secondary-CTT High School Pod,1000090,plcgroup,#6495EE
235,2019-09-06 09:38:08,2019-08-20 10:14:54,active,Secondary-CTT Middle School Pod,1000090,plcgroup,#6495EE
234,2019-09-06 09:38:29,2019-08-20 10:09:10,active,Secondary-CTT SpEd,1000090,plcgroup,#6495EE
233,2019-08-20 10:20:58,2019-08-20 10:06:53,active,Elementary 2nd CTT,1000090,plcgroup,#f5cc39
232,2019-09-06 09:38:42,2019-08-20 10:03:26,active,"Secondary-CTT  Electives (PE, Music, Art, CTE)",1000090,plcgroup,#6495EE
231,2019-09-06 09:38:55,2019-08-20 10:01:17,active,Secondary-CTT Math,1000090,plcgroup,#6495EE
230,2019-08-20 10:21:51,2019-08-20 10:00:26,active,Elementary K-1  CTT,1000090,plcgroup,#f5cc39
229,2019-09-06 09:39:38,2019-08-20 09:58:41,active,Secondary-CTT ELA and Social Studies,1000090,plcgroup,#6495EE
228,2020-01-14 11:43:23,2019-08-16 10:58:51,active,Tier 1 Character Crew,1000084,plcgroup,#F0E68C
227,2020-09-08 10:03:20,2019-08-16 09:47:31,active,CLT,1000086,undefined,#F0E68C
226,2019-09-23 15:53:50,2019-08-14 14:33:35,active,"Music, English, Phy Ed/Health, History",1000019,plcgroup,#DDA0DD
225,2019-08-13 13:11:54,2019-08-13 13:11:54,active,B team,1000071,plcgroup,#0b3345
224,2019-08-12 18:43:47,2019-08-12 18:36:31,active,ESL,1000013,plcgroup,#870e65
223,2019-08-12 18:36:04,2019-08-12 18:36:04,active,Administration,1000013,plcgroup,#0b3345
222,2019-08-12 19:58:22,2019-08-12 18:35:28,active,6th Grade,1000013,plcgroup,#000033
221,2019-08-12 20:00:31,2019-08-12 18:34:28,active,4th Grade,1000013,plcgroup,#660000
220,2020-02-25 11:09:46,2019-08-12 18:33:50,active,3rd Grade,1000013,plcgroup,#F0E68C
219,2019-08-12 19:56:44,2019-08-12 18:33:20,active,2nd Grade,1000013,plcgroup,#336600
218,2019-08-12 20:01:52,2019-08-12 18:32:51,active,1st Grade,1000013,plcgroup,#003366
217,2019-08-12 20:02:34,2019-08-12 18:21:39,active,Kindergarten,1000013,plcgroup,#006633
216,2019-08-12 14:16:21,2019-08-12 14:03:55,active,Kindergarten,1000084,plcgroup,#e979e9
215,2019-08-12 14:15:06,2019-08-12 14:02:59,active,4th Grade ,1000084,plcgroup,#16dca6
214,2019-08-12 14:15:31,2019-08-12 14:02:56,active,5th Grade,1000084,plcgroup,#d1466d
213,2021-07-14 09:27:20,2019-08-12 14:02:52,active,First 1 Grade,1000084,plcgroup,#e40d63
212,2019-08-12 13:59:48,2019-08-12 13:59:48,active,3rd Grade,1000084,plcgroup,#64d993
211,2019-08-12 13:59:23,2019-08-12 13:59:06,delete,1st Grade,1000084,plcgroup,#de4898
210,2021-07-14 09:28:41,2019-08-12 13:57:45,active,2nd Grade,1000084,plcgroup,#8d55b0
209,2020-08-28 09:39:03,2019-08-12 13:51:27,active,MS ELA Team,1000084,plcgroup,#ff7b7b
208,2020-02-04 13:30:20,2019-08-09 10:50:52,delete,CTE,1000092,plcgroup,#00b5ff
207,2020-02-04 13:30:23,2019-08-09 10:46:43,delete,Arts,1000092,plcgroup,#e62edf
206,2020-02-04 13:30:26,2019-08-09 10:40:17,delete,PE/Athletics,1000092,plcgroup,#dbd424
205,2020-02-04 13:30:29,2019-08-09 10:38:34,delete,AFJROTC,1000092,plcgroup,#5600ff
204,2019-10-11 17:43:43,2019-08-08 16:53:28,active,Pre-K/Kinder,1000083,plcgroup,#D2B48C
203,2019-08-20 04:49:46,2019-08-08 11:39:38,active,ARL Teachers,1000046,plcgroup,#49b7eb
202,2020-02-04 13:30:32,2019-08-08 09:56:37,delete,SpEd,1000092,plcgroup,#eb8613
201,2021-07-14 09:30:11,2019-08-07 09:47:42,delete,A Team,1000084,plcgroup,#d2e64e
200,2020-02-04 13:30:35,2019-08-06 11:49:05,delete,Social Studies Team,1000092,plcgroup,#208040
199,2020-02-04 13:30:38,2019-08-01 14:38:04,delete,English Team,1000092,plcgroup,#2ac42e
198,2019-07-31 19:51:28,2019-07-31 19:51:28,active,SpEd,1000005,plcgroup,#0b3345
197,2019-08-13 12:48:58,2019-07-31 19:25:00,active,CTE,1000005,plcgroup,#f289b5
196,2020-02-04 13:30:41,2019-07-31 08:34:59,delete,Science CTT,1000092,plcgroup,#443bce
195,2019-07-30 14:32:02,2019-07-30 14:32:02,active,English,1000091,plcgroup,#0b3345
194,2019-07-30 14:30:02,2019-07-30 14:30:02,active,Full Time Faculty,1000089,plcgroup,#1a2ede
193,2020-02-04 13:30:43,2019-07-30 14:27:33,delete,Math Department,1000092,plcgroup,#e9ed95
192,2019-07-30 14:29:34,2019-07-30 14:27:13,delete,6th Grade,1000089,plcgroup,#3920d1
191,2019-07-30 14:23:24,2019-07-30 14:23:24,active,5th-6th,1000049,plcgroup,#0b3345
190,2019-07-30 14:23:04,2019-07-30 14:23:04,active,3rd-4th,1000049,plcgroup,#0b3345
189,2019-07-30 14:22:57,2019-07-30 14:22:57,active,5th & 6th,1000089,plcgroup,#0b1445
188,2019-07-30 14:22:34,2019-07-30 14:22:20,active,3rd & 4th,1000089,plcgroup,#1dabeb
187,2019-07-30 14:22:01,2019-07-30 14:22:01,active,"K, 1st, 2nd",1000089,plcgroup,#0b450d
186,2019-10-10 14:18:29,2019-07-30 14:21:25,active,6th Grade,1000089,plcgroup,#DDA0DD
185,2019-07-30 14:21:16,2019-07-30 14:20:47,active,5th Grade,1000089,plcgroup,#1daff1
184,2019-07-30 14:20:32,2019-07-30 14:20:32,active,Kindergarten,1000089,plcgroup,#0b3345
183,2019-07-30 14:36:05,2019-07-30 14:18:32,active,4th Grade,1000089,plcgroup,#ed9a1b
182,2019-07-30 14:18:17,2019-07-30 14:18:17,active,3rd Grade,1000089,plcgroup,#0b3345
181,2019-07-30 14:17:46,2019-07-30 14:17:46,active,2nd Grade,1000089,plcgroup,#0b3345
180,2019-07-30 14:17:24,2019-07-30 14:17:24,active,K-2,1000049,plcgroup,#6d64d1
179,2019-08-23 14:38:19,2019-07-30 14:16:44,active,Electives,1000091,plcgroup,#86d215
178,2019-07-30 14:16:08,2019-07-30 14:16:08,active,1st Grade,1000089,plcgroup,#0b3345
177,2020-02-24 17:05:22,2019-07-30 14:15:45,active,Math Team,1000091,plcgroup,#6495EE
176,2019-09-09 14:41:59,2019-07-30 14:15:23,active,Science and CTE,1000091,plcgroup,#87CEEB
175,2019-08-06 11:32:03,2019-07-30 14:06:16,active,Social Studies,1000091,plcgroup,#09577a
174,2019-07-30 12:59:47,2019-07-30 12:59:47,active,DTT,1000047,plcgroup,#0b3345
173,2019-07-30 12:29:16,2019-07-30 12:29:16,active,STT,1000047,plcgroup,#0b3345
172,2019-09-25 09:24:22,2019-07-30 12:19:39,active,STT,1000046,plcgroup,#8FBC8B
171,2019-07-30 12:12:55,2019-07-30 12:12:55,active,DTT,1000046,plcgroup,#0b3345
170,2019-07-30 11:59:05,2019-07-30 11:59:05,active,STT,1000092,plcgroup,#0b3345
169,2020-08-18 10:21:19,2019-07-30 11:58:45,delete,CLT,1000092,undefined,#0b3345
168,2019-07-30 15:25:54,2019-07-30 11:37:59,active,STT,1000049,plcgroup,#0b4539
167,2019-07-30 11:37:35,2019-07-30 11:37:31,active,DTT,1000049,plcgroup,#0b3345
166,2020-10-26 11:23:20,2019-07-30 11:29:51,active,STT,1000050,undefined,#0b3345
165,2019-07-30 11:25:25,2019-07-30 11:25:25,active,DTT,1000050,plcgroup,#0b3345
164,2019-07-30 11:18:11,2019-07-30 11:18:11,active,STT,1000091,plcgroup,#0b3345
163,2019-07-30 11:17:49,2019-07-30 11:17:49,active,CLT,1000091,plcgroup,#0b3345
162,2020-09-11 11:24:16,2019-07-30 11:09:46,active,STT-School Transformation Team,1000090,undefined,#cef96f
161,2019-09-06 09:44:50,2019-07-30 11:09:24,active,CLT-Charter Leader Team,1000090,plcgroup,#DDA0DD
160,2019-07-30 11:04:05,2019-07-30 11:04:05,active,STT,1000089,plcgroup,#0b3345
159,2019-07-30 11:03:44,2019-07-30 11:03:44,active,CLT,1000089,plcgroup,#0b3345
158,2019-07-30 10:57:50,2019-07-30 10:57:50,active,STT,1000088,plcgroup,#0b3345
157,2019-07-30 10:57:31,2019-07-30 10:57:31,active,CLT,1000088,plcgroup,#0b3345
156,2019-08-30 13:20:34,2019-07-30 10:49:24,active,STT,1000087,plcgroup,#f32d0e
155,2019-08-28 09:18:58,2019-07-30 10:49:05,active,CLT,1000087,plcgroup,#1d739b
154,2022-03-21 10:04:31,2019-07-30 10:34:05,active,STT,1000086,undefined,#B0C4DE
153,2019-08-16 09:46:19,2019-07-30 10:33:40,delete,CTT,1000086,plcgroup,#0b3345
152,2020-04-27 11:12:23,2019-07-30 10:24:55,active,STT,1000085,plcgroup,#8FBC8B
151,2020-08-18 10:21:20,2019-07-30 10:24:39,delete,CLT,1000085,undefined,#FEA07A
150,2019-07-30 10:15:04,2019-07-30 10:15:04,active,STT,1000031,plcgroup,#0b3345
149,2019-07-30 10:14:44,2019-07-30 10:14:44,active,CLT,1000031,plcgroup,#0b3345
148,2020-08-28 09:32:14,2019-07-30 09:57:56,active,MKS Crew,1000084,plcgroup,#1d9dd4
147,2019-08-12 14:16:03,2019-07-30 09:57:39,active,CLT,1000084,plcgroup,#73a7da
146,2020-08-18 10:21:20,2019-07-30 09:48:49,active,STT,1000083,plcgroup,#0b3345
145,2019-10-11 17:41:38,2019-07-30 09:45:40,active,CLT,1000083,plcgroup,#B0C4DE
144,2019-07-30 09:38:57,2019-07-30 09:38:57,active,STT,1000082,plcgroup,#0b3345
143,2019-07-30 09:35:29,2019-07-30 09:35:29,active,CLT,1000082,plcgroup,#0b3345
142,2019-07-18 09:02:49,2019-07-18 09:02:49,active,STT,1000071,plcgroup,#7d1224
141,2019-07-18 09:02:08,2019-07-18 09:02:08,active,CTT 3rd Grade,1000071,plcgroup,#2839d6
140,2019-08-07 14:15:29,2019-07-01 15:31:19,active,A Team,1000071,plcgroup,#15573f
139,2019-06-18 09:04:43,2019-06-18 09:02:36,delete,test,1000005,plcgroup,
138,2019-08-08 07:37:24,2019-06-18 09:02:08,active,STT,1000005,plcgroup,#f7e435
137,2019-06-18 09:01:13,2019-06-18 09:01:03,delete,STT,1000005,plcgroup,
136,2019-05-02 19:57:27,2019-05-02 19:57:27,active,District Administration Team,1000076,plcgroup,
135,2019-04-26 14:49:55,2019-04-26 14:49:55,active,4th Grade,1000021,plcgroup,
134,2019-04-24 08:29:33,2019-04-24 08:29:33,active,6th Grade,1000012,plcgroup,
133,2019-04-23 07:42:22,2019-04-23 07:42:22,active,Alternative,1000054,plcgroup,
132,2019-04-23 07:41:51,2019-04-23 07:41:51,active,STEM,1000054,plcgroup,
131,2019-04-23 07:41:25,2019-04-23 07:41:25,active,Humanities,1000054,plcgroup,
130,2019-04-23 07:40:17,2019-04-23 07:40:17,active,Electives,1000054,plcgroup,
129,2019-04-22 16:34:52,2019-04-22 16:34:52,active,Science Team,1000010,plcgroup,
128,2019-04-16 10:18:26,2019-04-16 10:18:26,active,Science,1000030,plcgroup,
127,2019-04-16 10:18:11,2019-04-16 10:18:11,active,Social Studies,1000030,plcgroup,
126,2019-04-16 10:17:54,2019-04-16 10:17:54,active,Math,1000030,plcgroup,
125,2019-04-16 10:17:26,2019-04-16 10:17:26,active,ELA,1000030,plcgroup,
124,2019-04-10 09:52:18,2019-04-10 09:52:18,active,Super team,1000041,plcgroup,
123,2019-04-09 14:28:18,2019-04-09 14:28:18,active,Business Development ,1000070,plcgroup,
122,2019-04-09 14:27:49,2019-04-09 14:27:49,active,Assessment to Achievement,1000070,plcgroup,
121,2019-04-09 14:27:12,2019-04-09 14:27:12,active,Curricular Tools & Implementation,1000070,plcgroup,
120,2019-04-09 14:26:33,2019-04-09 14:26:33,active,Government Relationships & Policy Opportunities,1000070,plcgroup,
119,2019-04-09 14:25:35,2019-04-09 14:25:35,active,Digital Capabilities & Innovation,1000070,plcgroup,
118,2020-05-19 07:18:49,2019-04-09 14:24:26,active,Leadership Team ,1000070,plcgroup,#8FBC8B
117,2020-08-18 10:21:20,2019-04-09 14:18:15,delete,Eddies,1000070,undefined,#87CEEB
116,2019-04-09 09:15:36,2019-04-09 09:15:17,delete,team--983701692,1000041,plcgroup,
115,2019-04-09 09:11:54,2019-04-09 09:10:02,delete,edited-team,1000041,plcgroup,
114,2019-04-08 12:12:17,2019-04-08 12:12:15,delete,team-1712433069,1000041,plcgroup,
113,2019-04-08 12:10:52,2019-04-08 12:10:17,delete,edited-team,1000041,plcgroup,
112,2019-04-08 11:33:39,2019-04-08 11:33:36,delete,team-1712433069,1000041,plcgroup,
111,2019-04-08 11:32:03,2019-04-08 11:31:28,delete,edited-team,1000041,plcgroup,
110,2019-04-08 10:50:18,2019-04-08 10:50:15,delete,team-1712433069,1000041,plcgroup,
109,2019-04-08 10:48:31,2019-04-08 10:47:51,delete,edited-team,1000041,plcgroup,
108,2019-03-19 18:30:58,2019-03-19 18:30:58,active,Test with 1 teacher,1000041,plcgroup,
107,2019-03-19 18:34:21,2019-03-19 18:20:13,active,Another Team No Teachers,1000041,plcgroup,
106,2019-03-19 14:19:15,2019-03-19 14:19:15,active,team-19/3/19,1000041,plcgroup,
105,2019-03-15 14:57:12,2019-03-15 14:57:12,active,5th Grade,1000021,plcgroup,
104,2019-03-14 16:24:18,2019-03-14 16:24:18,active,Coaching Team,1000041,plcgroup,
103,2019-03-19 18:32:30,2019-03-14 16:21:20,active,No Teachers Team,1000041,plcgroup,
102,2019-03-14 16:27:55,2019-03-11 16:46:48,active,6th Grade,1000058,plcgroup,
101,2019-03-14 16:27:41,2019-03-11 16:45:58,active,5th Grade,1000058,plcgroup,
100,2019-03-14 16:27:30,2019-03-11 16:45:06,active,3rd Grade,1000058,plcgroup,
99,2019-03-11 16:34:22,2019-03-11 16:32:50,active,Leadership Team,1000058,plcgroup,
98,2019-03-14 16:26:58,2019-03-11 16:30:37,active,4th Grade,1000058,plcgroup,
97,2019-03-14 16:27:20,2019-03-11 16:29:42,active,2nd Grade,1000058,plcgroup,
96,2019-03-14 16:27:10,2019-03-11 16:28:40,active,1st Grade,1000058,plcgroup,
95,2019-03-14 16:25:55,2019-03-11 16:26:20,active,_ Kindergarten,1000058,plcgroup,
94,2019-02-22 15:20:48,2019-02-22 15:20:48,active,EdDirection Scrum,1000063,plcgroup,
93,2019-02-15 07:46:35,2019-02-15 07:46:35,active,Other Team,1000041,plcgroup,
92,2019-01-22 10:21:10,2019-01-22 10:21:10,active,Development Team,1000041,plcgroup,
91,2019-08-15 12:04:51,2019-01-11 10:35:36,active,School Leadership Team,1000035,plcgroup,#0b3345
90,2019-01-11 10:35:09,2019-01-11 10:30:16,delete,Leadership,1000035,plcgroup,
89,2019-08-15 12:07:07,2019-01-03 13:02:51,delete,ELA 8,1000035,plcgroup,
88,2019-08-15 12:07:04,2019-01-03 13:01:40,delete,ELA 7,1000035,plcgroup,
87,2019-08-15 12:07:44,2018-12-17 16:25:58,delete,Math 8,1000035,plcgroup,
86,2019-08-15 12:07:38,2018-12-13 12:07:10,delete,Leadership,1000035,plcgroup,
85,2018-12-08 20:47:20,2018-12-08 20:47:20,active,Art,1000037,plcgroup,
84,2018-12-08 20:45:45,2018-12-08 20:45:45,active,Other,1000037,plcgroup,
83,2018-12-08 20:14:25,2018-12-08 20:14:25,active,Science,1000037,plcgroup,
82,2018-12-08 20:07:18,2018-12-08 20:07:18,active,Math,1000037,plcgroup,
81,2018-12-08 20:03:24,2018-12-08 20:03:24,active,English,1000037,plcgroup,
80,2018-12-08 19:59:44,2018-12-08 19:59:44,active,High School,1000037,plcgroup,
79,2018-12-08 19:48:19,2018-12-08 19:48:19,active,Middle School,1000037,plcgroup,
78,2018-12-08 19:38:23,2018-12-08 19:38:23,active,4th/5th Grade,1000037,plcgroup,
77,2018-12-08 19:30:45,2018-12-08 19:30:45,active,2nd/3rd Grade,1000037,plcgroup,
76,2018-12-08 19:25:47,2018-12-08 19:25:47,active,1st Grade,1000037,plcgroup,
75,2018-12-08 19:21:13,2018-12-08 19:21:13,active,Kindergarten,1000037,plcgroup,
74,2019-08-15 12:08:37,2018-12-07 07:48:36,delete,Special Programs,1000035,plcgroup,
73,2019-01-03 13:00:14,2018-12-07 07:46:36,delete,English,1000035,plcgroup,
72,2019-08-15 12:07:09,2018-12-07 07:41:42,delete,Electives,1000035,plcgroup,
71,2019-08-15 12:08:34,2018-12-07 07:41:18,delete,Social Studies,1000035,plcgroup,
70,2019-08-15 12:06:59,2018-12-07 07:33:26,delete,CTE,1000035,plcgroup,
69,2019-08-15 12:08:13,2018-12-07 07:30:04,delete,Science,1000035,plcgroup,
68,2019-08-15 12:07:42,2018-12-07 07:26:16,delete,Math 7,1000035,plcgroup,
67,2018-11-29 11:57:36,2018-11-29 11:57:36,active,Ashleys team,1000002,plcgroup,
66,2018-12-21 13:45:13,2018-11-13 13:24:38,delete,Cicero - OnFire,1000002,plcgroup,
65,2018-11-10 00:07:23,2018-11-10 00:07:23,active,English 97,1000033,plcgroup,
64,2018-11-09 14:17:11,2018-11-09 14:17:11,active,Team JHU,1000032,plcgroup,
63,2018-11-08 13:44:35,2018-11-08 13:44:35,active,Mount Pleasant Elementary,1000034,plcgroup,
62,2018-11-08 13:43:54,2018-11-08 13:43:54,active,Moroni Elementary,1000034,plcgroup,
61,2018-11-08 13:43:28,2018-11-08 13:43:28,active,Fountain Green Elementary,1000034,plcgroup,
60,2018-11-08 13:43:13,2018-11-08 13:43:13,active,Pinnacle Canyon Academy,1000034,plcgroup,
59,2018-11-08 13:40:17,2018-11-08 13:40:17,active,Odyssey Charter School,1000034,plcgroup,
58,2018-11-08 13:25:46,2018-11-08 13:25:46,active,Beehive Academy,1000034,plcgroup,
57,2018-11-07 12:35:15,2018-11-07 12:35:15,active,Alba,1000034,plcgroup,
56,2018-11-07 12:24:19,2018-11-07 12:24:19,active,North Sanpete,1000034,plcgroup,
55,2018-11-08 13:40:36,2018-11-07 12:23:57,active,PCanyon,1000034,plcgroup,
54,2018-11-07 12:23:34,2018-11-07 12:23:34,active,Beehive,1000034,plcgroup,
53,2018-11-07 12:22:56,2018-11-07 12:22:56,active,Uintah SD,1000034,plcgroup,
52,2020-07-23 07:43:41,2018-10-24 16:08:06,delete,jvgvb ,1000011,plcgroup,
51,2020-07-23 07:45:02,2018-10-24 16:07:07,active,Best Team Ever,1000011,plcgroup,#F0E68C
50,2019-08-14 14:26:44,2018-10-09 11:30:54,active,3-6 Grade PLC Team,1000019,plcgroup,#0b3345
49,2019-08-14 14:37:32,2018-10-09 11:28:50,active,PK-2 Grade PLC Team,1000019,plcgroup,#abdd13
48,2019-08-14 14:35:07,2018-10-09 11:10:19,delete,K-6 Grades ,1000019,plcgroup,
47,2019-08-14 14:31:30,2018-10-09 11:05:29,active,"Math, Ag, Business, and Science PLC",1000019,plcgroup,#0b3345
46,2018-10-05 10:04:24,2018-10-05 10:04:24,active,Pumpkins,1000022,plcgroup,
45,2018-10-05 08:51:00,2018-10-05 08:51:00,active,Pineapples,1000022,plcgroup,
44,2018-10-05 08:33:29,2018-10-05 08:33:29,active,Blueberries,1000022,plcgroup,
43,2018-10-05 08:22:29,2018-10-05 08:22:29,active,Green Beans,1000022,plcgroup,
42,2020-07-23 07:49:36,2018-10-04 08:10:17,active,SLT,1000011,plcgroup,
41,2019-10-10 12:57:08,2018-10-03 10:43:57,active,TL-M Leadership Team,1000019,plcgroup,#6495EE
40,2018-09-24 16:14:17,2018-09-24 16:14:17,active,5th Grade,1000012,plcgroup,
39,2018-09-24 15:33:08,2018-09-24 15:33:08,active,4th Grade,1000012,plcgroup,
38,2021-07-30 09:39:19,2018-09-24 12:20:21,delete,5th/6th Grade,1000016,plcgroup,
37,2020-07-23 07:45:58,2018-09-12 15:36:46,active,Team A,1000011,plcgroup,#8FBC8B
36,2020-07-23 07:50:20,2018-09-11 10:05:54,active,3rd Grade PLC,1000011,plcgroup,#DDA0DD
35,2020-07-23 07:46:50,2018-09-11 10:04:49,active,Math,1000011,plcgroup,#F08080
34,2018-09-11 10:04:20,2018-09-11 10:04:20,active,5th grade,1000011,plcgroup,
33,2019-08-12 18:43:25,2018-09-04 16:35:43,active,5th Grade,1000013,plcgroup,#6e0c7d
32,2018-12-21 13:45:16,2018-08-16 14:17:18,delete,Functional Time Travel Club,1000002,plcgroup,
31,2018-08-16 09:18:59,2018-08-16 09:18:59,active,ELA,1000007,plcgroup,
30,2018-08-16 09:18:25,2018-08-16 09:18:25,active,Behavior Team,1000007,plcgroup,
29,2018-08-16 09:15:49,2018-08-16 09:15:49,active,Math,1000007,plcgroup,
28,2018-08-16 09:14:59,2018-08-16 09:14:59,active,Academic Team,1000007,plcgroup,
27,2018-08-16 09:14:30,2018-08-16 09:14:30,active,5-6,1000007,plcgroup,
26,2018-08-16 09:13:43,2018-08-16 09:13:43,active,3-4,1000007,plcgroup,
25,2018-08-16 09:12:11,2018-08-16 09:12:11,active,K-2 ,1000007,plcgroup,
24,2020-07-23 07:47:56,2018-08-14 15:29:49,active,Great Lakes RC Boating Club,1000011,plcgroup,#6495EE
23,2018-08-13 18:01:56,2018-08-13 18:01:56,active,ELA/History/Reading,1000006,plcgroup,
22,2018-08-13 18:00:26,2018-08-13 18:00:26,active,Math / Science,1000006,plcgroup,
21,2018-08-13 17:58:33,2018-08-13 17:58:33,active,Non-Core Content,1000006,plcgroup,
20,2018-08-13 17:46:26,2018-08-13 17:46:26,active,ESL,1000006,plcgroup,
19,2019-08-12 12:57:44,2018-08-13 14:29:16,active,Electives,1000005,plcgroup,#55d4bb
18,2019-08-13 12:34:11,2018-08-13 14:28:32,active,Science,1000005,plcgroup,#30a615
17,2019-08-14 11:03:15,2018-08-13 14:27:19,active,Math,1000005,plcgroup,#23a7eb
16,2019-08-13 12:40:09,2018-08-13 14:24:52,active,Language Arts,1000005,plcgroup,#f7782c
15,2018-08-09 19:22:42,2018-08-09 19:22:42,active,Vulcan,1000004,plcgroup,
14,2018-08-09 10:05:08,2018-08-09 10:05:08,active,Team 3,1000002,plcgroup,
13,2018-11-29 11:57:12,2018-08-08 15:02:05,delete,Team 1,1000002,plcgroup,
12,2018-11-29 11:57:06,2018-08-08 13:57:46,delete,"Jace's Test Team",1000002,plcgroup,
11,2018-11-29 11:57:09,2018-08-07 09:31:25,delete,Supers,1000002,plcgroup,
10,2018-12-21 13:46:13,2018-08-03 12:58:01,delete,8.3 Team,1000002,plcgroup,
9,2018-12-21 13:45:31,2018-08-01 09:54:22,delete,Team Cicero,1000002,plcgroup,
8,2018-12-21 13:45:57,2018-08-01 09:45:23,delete,Geometry 5,1000002,plcgroup,
7,2018-11-29 11:57:18,2018-08-01 09:45:11,delete,Geometry 4,1000002,plcgroup,
6,2018-11-29 11:57:14,2018-08-01 09:44:52,delete,Geometry 3,1000002,plcgroup,
5,2018-12-21 13:46:05,2018-08-01 09:44:34,delete,Geometry 2,1000002,plcgroup,
4,2018-11-29 11:57:15,2018-08-01 09:44:12,delete,Geometry 1,1000002,plcgroup,
3,2018-11-29 11:57:01,2018-07-18 13:55:36,delete,test,1000002,plcgroup,
2,2018-12-21 13:45:47,2018-07-12 14:37:22,delete,Math Teachers,1000002,plcgroup,
1,2018-11-29 11:56:58,2018-07-02 13:53:26,delete,Test PLC Group,1000002,plcgroup,